주차장 히트맵,위도,경도
0,37.528857,126.867057
0,37.545949,126.865505
0.84588,37.541779,126.864344
0,37.545207,126.865033
0.79195,37.549183,126.865488
0.79884,37.5386,126.864552
0,37.533518,126.864716
0,37.535258,126.868666
0,37.536991,126.868362
0,37.535159,126.885538
0,37.537803,126.875239
0,37.535077,126.872954
0.64378,37.533422,126.878647
0,37.534454,126.882792
0,37.531899,126.870112
0,37.539972,126.879436
0.33777,37.528759,126.837899
0.80383,37.532034,126.835777
0.77844,37.529197,126.835516
0.46457,37.534811,126.832782
0.33165,37.527035,126.838188
0,37.526455,126.848438
0.08148,37.526273,126.845105
0.10323,37.52424,126.842793
0.00374,37.532109,126.828852
0.4525,37.534781,126.826088
0,37.520006,126.842062
0,37.524419,126.840845
0.0199,37.518623,126.839964
0,37.521225,126.842752
0.35781,37.524402,126.838609
0,37.541479,126.828569
0.7836,37.538693,126.828358
0,37.539429,126.833885
0.05191,37.53822,126.831558
0,37.515553,126.838449
0,37.515557,126.836291
0,37.518107,126.837347
0.53815,37.523108,126.833341
1.31926,37.517726,126.862761
0,37.520132,126.86468
0,37.517693,126.858437
0.83074,37.519825,126.854312
0.47348,37.519266,126.854492
0.5636,37.521708,126.861996
0,37.521716,126.875912
0.00831,37.520501,126.874747
0,37.52177,126.848515
0,37.511144,126.839205
0,37.514682,126.830002
0,37.514055,126.854326
0,37.512554,126.837592
0,37.511281,126.837884
0,37.512645,126.83173
0,37.509022,126.84361
0.79662,37.527975,126.856515
0,37.524125,126.857773
0,37.524624,126.856207
0.18702,37.526441,126.858394
1.09027,37.527327,126.861956
0.09851,37.522057,126.855005
0,37.52741,126.851241
0.56514,37.526554,126.855049
0.82471,37.528578,126.862293
0,37.51367,126.872445
0,37.515011,126.86832
0,37.51636,126.869759
0.43534,37.521958,126.867486
0,37.513486,126.866086
0,37.515706,126.873442
0,37.511472,126.858392
0,37.506788,126.864108
0,37.512595,126.861548
0.65385,37.528005,126.873279
0,37.543498,126.868468
0,37.546521,126.879263
0,37.543358,126.878788
0,37.538174,126.885602
0.79562,37.524905,126.833211
0.99407,37.519757,126.83485
0.27862,37.518137,126.834492
0,37.5222,126.831005
0.05096,37.521151,126.836556
0.93639,37.519799,126.832525
0,37.514612,126.856483
0,37.514104,126.850051
0,37.513034,126.840467
0,37.512717,126.833542
1.082,37.518012,126.868162
0,37.50836,126.869014
0.25982,37.517649,126.848293
0.06838,37.517261,126.843217
0,37.516725,126.844484
0,37.515737,126.843973
0,37.506192,126.833035
0.86668,37.510721,126.869612
1.60517,37.535016,126.877154
0,37.522468,126.847043
0,37.514628,126.836199
0,37.522877,126.879048
0.27154,37.528443,126.830473
0,37.512982,126.826174
0,37.5319248,126.8859869
0.5576,37.53664574,126.8308721
0,37.52051916,126.8787081
