정류장 히트맵,위도,경도,가중치 적용 정류장 점수,주차장 히트맵,가중치 적용 주차장 점수,접근성 지수,정규화된 접근성 지수
0.0,37.528857,126.867057,0.0,0.0,0.0,0.0,0.0
0.0,37.545949,126.865505,0.0,0.0,0.0,0.0,0.0
0.6169,37.541779,126.864344,1.2338,0.84588,6.76704,8.00084,0.35877015740284857
0.00919,37.545207,126.865033,0.01838,0.0,0.0,0.01838,0.0008241878969038696
0.67364,37.549183,126.865488,1.34728,0.79195,6.3356,7.682880000000001,0.34451233456827
1.50008,37.5386,126.864552,3.00016,0.79884,6.39072,9.39088,0.4211017212881725
1.41472,37.533518,126.864716,2.82944,0.0,0.0,2.82944,0.1268765072369796
2.35316,37.535258,126.868666,4.70632,0.0,0.0,4.70632,0.2110387368311545
0.02852,37.536991,126.868362,0.05704,0.0,0.0,0.05704,0.002557762657203304
0.31879,37.535159,126.885538,0.63758,0.0,0.0,0.63758,0.028590082660934126
1.18312,37.537803,126.875239,2.36624,0.0,0.0,2.36624,0.1061058960375306
0.10362,37.535077,126.872954,0.20724,0.0,0.0,0.20724,0.009292965166178344
3.34315,37.533422,126.878647,6.6863,0.64378,5.15024,11.83654,0.530768934125056
0.96991,37.534454,126.882792,1.93982,0.0,0.0,1.93982,0.08698455746311559
0.738,37.531899,126.870112,1.476,0.0,0.0,1.476,0.06618614449565352
3.03074,37.539972,126.879436,6.06148,0.0,0.0,6.06148,0.2718062270579362
1.55147,37.528759,126.837899,3.10294,0.33777,2.70216,5.8050999999999995,0.2603097475689148
0.00829,37.532034,126.835777,0.01658,0.80383,6.43064,6.447220000000001,0.2891034109182028
1.65016,37.529197,126.835516,3.30032,0.77844,6.22752,9.527840000000001,0.42724322152538446
0.35035,37.534811,126.832782,0.7007,0.46457,3.71656,4.41726,0.1980768351184759
0.0,37.527035,126.838188,0.0,0.33165,2.6532,2.6532,0.11897363047145522
0.01183,37.526455,126.848438,0.02366,0.0,0.0,0.02366,0.0010609513406281586
0.0,37.526273,126.845105,0.0,0.08148,0.65184,0.65184,0.02922952332523495
0.0,37.52424,126.842793,0.0,0.10323,0.82584,0.82584,0.037031954993421747
0.7166,37.532109,126.828852,1.4332,0.00374,0.02992,1.46312,0.06560858518596245
0.94698,37.534781,126.826088,1.89396,0.4525,3.62,5.51396,0.24725457540870843
1.86862,37.520006,126.842062,3.73724,0.0,0.0,3.73724,0.16758367659548518
0.0,37.524419,126.840845,0.0,0.0,0.0,0.0,0.0
1.66861,37.518623,126.839964,3.33722,0.0199,0.1592,3.4964199999999996,0.1567849318004694
1.57328,37.521225,126.842752,3.14656,0.0,0.0,3.14656,0.1410966631600566
0.01575,37.524402,126.838609,0.0315,0.35781,2.86248,2.89398,0.12977058160401853
0.2728,37.541479,126.828569,0.5456,0.0,0.0,0.5456,0.024465555851509863
1.95519,37.538693,126.828358,3.91038,0.7836,6.2688,10.179179999999999,0.4564503240699636
0.82143,37.539429,126.833885,1.64286,0.0,0.0,1.64286,0.07366840741607679
1.54948,37.53822,126.831558,3.09896,0.05191,0.41528,3.51424,0.1575840084230389
2.29507,37.515553,126.838449,4.59014,0.0,0.0,4.59014,0.20582904423799392
2.11673,37.515557,126.836291,4.23346,0.0,0.0,4.23346,0.1898349561494372
4.04517,37.518107,126.837347,8.09034,0.0,0.0,8.09034,0.36278347714022047
0.70504,37.523108,126.833341,1.41008,0.53815,4.3052,5.71528,0.2562820785319232
1.00542,37.517726,126.862761,2.01084,1.31926,10.55408,12.56492,0.563430630553067
1.06078,37.520132,126.86468,2.12156,0.0,0.0,2.12156,0.09513406281585277
0.79467,37.517693,126.858437,1.58934,0.0,0.0,1.58934,0.07126848705468967
4.00869,37.519825,126.854312,8.01738,0.83074,6.64592,14.6633,0.657525265977721
4.07455,37.519266,126.854492,8.1491,0.47348,3.78784,11.93694,0.5352710268807224
4.30589,37.521708,126.861996,8.61178,0.5636,4.5088,13.12058,0.5883472925113696
0.73013,37.521716,126.875912,1.46026,0.0,0.0,1.46026,0.06548033832061179
1.22756,37.520501,126.874747,2.45512,0.00831,0.06648,2.5216,0.11307248100287255
0.85007,37.52177,126.848515,1.70014,0.0,0.0,1.70014,0.07623693204799482
4.22882,37.511144,126.839205,8.45764,0.0,0.0,8.45764,0.37925378260990444
3.61529,37.514682,126.830002,7.23058,0.0,0.0,7.23058,0.32423049638711543
3.00094,37.514055,126.854326,6.00188,0.0,0.0,6.00188,0.2691336700037757
1.40966,37.512554,126.837592,2.81932,0.0,0.0,2.81932,0.12642271063650803
4.0343,37.511281,126.837884,8.0686,0.0,0.0,8.0686,0.36180862159731025
2.43875,37.512645,126.83173,4.8775,0.0,0.0,4.8775,0.21871471529644312
8.71531,37.509022,126.84361,17.43062,0.0,0.0,17.43062,0.7816162154260353
0.0,37.527975,126.856515,0.0,0.79662,6.37296,6.37296,0.2857734765752168
1.0402,37.524125,126.857773,2.0804,0.0,0.0,2.0804,0.09328838415227478
1.09237,37.524624,126.856207,2.18474,0.0,0.0,2.18474,0.09796715265950817
1.47508,37.526441,126.858394,2.95016,0.18702,1.49616,4.44632,0.19937993089018574
0.75052,37.527327,126.861956,1.50104,1.09027,8.72216,10.2232,0.4584242495988923
1.9322,37.522057,126.855005,3.8644,0.09851,0.78808,4.65248,0.20862446717014774
0.0,37.52741,126.851241,0.0,0.0,0.0,0.0,0.0
0.23686,37.526554,126.855049,0.47372,0.56514,4.52112,4.99484,0.22397642410072494
0.40298,37.528578,126.862293,0.80596,0.82471,6.59768,7.40364,0.3319907769876695
2.5941,37.51367,126.872445,5.1882,0.0,0.0,5.1882,0.23264698839590078
2.27237,37.515011,126.86832,4.54474,0.0,0.0,4.54474,0.20379323735445554
1.4957,37.51636,126.869759,2.9914,0.0,0.0,2.9914,0.13413904650697692
1.43241,37.521958,126.867486,2.86482,0.43534,3.48272,6.34754,0.2846336040866806
1.69774,37.513486,126.866086,3.39548,0.0,0.0,3.39548,0.15225862460169484
1.86883,37.515706,126.873442,3.73766,0.0,0.0,3.73766,0.167602510051236
1.9707,37.511472,126.858392,3.9414,0.0,0.0,3.9414,0.17673852975282436
1.02406,37.506788,126.864108,2.04812,0.0,0.0,2.04812,0.09184089855314219
1.49004,37.512595,126.861548,2.98008,0.0,0.0,2.98008,0.13363144003293165
2.96969,37.528005,126.873279,5.93938,0.65385,5.2308,11.17018,0.5008883113295792
0.79374,37.543498,126.868468,1.58748,0.0,0.0,1.58748,0.07118508175065043
0.09039,37.546521,126.879263,0.18078,0.0,0.0,0.18078,0.008106457453878212
0.05305,37.543358,126.878788,0.1061,0.0,0.0,0.1061,0.0047576896551414895
1.23284,37.538174,126.885602,2.46568,0.0,0.0,2.46568,0.11056494089433805
0.0532,37.524905,126.833211,0.1064,0.79562,6.36496,6.47136,0.29018588620826036
2.17296,37.519757,126.83485,4.34592,0.99407,7.95256,12.29848,0.5514830449572525
0.20611,37.518137,126.834492,0.41222,0.27862,2.22896,2.64118,0.11843463490449196
0.09879,37.5222,126.831005,0.19758,0.0,0.0,0.19758,0.008859795683910042
3.51489,37.521151,126.836556,7.02978,0.05096,0.40768,7.43746,0.3335073185912217
0.0039,37.519799,126.832525,0.0078,0.93639,7.49112,7.498919999999999,0.33626328094942143
3.06056,37.514612,126.856483,6.12112,0.0,0.0,6.12112,0.2744805777745492
0.0,37.514104,126.850051,0.0,0.0,0.0,0.0,0.0
0.81383,37.513034,126.840467,1.62766,0.0,0.0,1.62766,0.07298681568414322
4.53856,37.512717,126.833542,9.07712,0.0,0.0,9.07712,0.407032233011102
1.2528,37.518012,126.868162,2.5056,1.082,8.656,11.1616,0.5005035707335272
0.0,37.50836,126.869014,0.0,0.0,0.0,0.0,0.0
0.0,37.517649,126.848293,0.0,0.25982,2.07856,2.07856,0.09320587567946177
1.21622,37.517261,126.843217,2.43244,0.06838,0.54704,2.97948,0.1336045350961448
0.0,37.516725,126.844484,0.0,0.0,0.0,0.0,0.0
0.0,37.515737,126.843973,0.0,0.0,0.0,0.0,0.0
0.69574,37.506192,126.833035,1.39148,0.0,0.0,1.39148,0.06239613573361243
1.63631,37.510721,126.869612,3.27262,0.86668,6.93344,10.20606,0.4576556652380146
4.72969,37.535016,126.877154,9.45938,1.60517,12.84136,22.300739999999998,1.0
3.79458,37.522468,126.847043,7.58916,0.0,0.0,7.58916,0.34030978344216384
1.1943,37.514628,126.836199,2.3886,0.0,0.0,2.3886,0.10710855334845391
0.5536,37.522877,126.879048,1.1072,0.0,0.0,1.1072,0.04964857668400242
0.28646,37.528443,126.830473,0.57292,0.27154,2.17232,2.74524,0.12310084777455817
0.20661,37.512982,126.826174,0.41322,0.0,0.0,0.41322,0.0185294299651043
0.06411,37.5319248,126.8859869,0.12822,0.0,0.0,0.12822,0.005749584991350063
1.40809,37.53664574,126.8308721,2.81618,0.5576,4.4608,7.27698,0.32631114483196527
1.67744,37.52051916,126.8787081,3.35488,0.0,0.0,3.35488,0.15043805721245126
